INSERT INTO ops.users (user_id,email,phone_number,full_name,dob,street_address,city,state,zipcode,signup_ts)
VALUES
('00000000-0000-0000-0000-000000000001','alice@example.com','555-1111','Alice Marlow','1995-05-20','1 River St','Chattanooga','TN','37402','2024-11-01 10:00:00'),
('00000000-0000-0000-0000-000000000002','bob@example.com','555-2222','Bob Chen','1988-02-11','2 Market St','Nashville','TN','37209','2024-11-03 12:00:00'),
('00000000-0000-0000-0000-000000000003','carol@example.com','555-3333','Carol Diaz','1975-09-09','3 Walnut St','Atlanta','GA','30318','2024-11-05 15:30:00');

INSERT INTO ops.products (product_id,sku,name,category,price_cents) VALUES
('10000000-0000-0000-0000-000000000001','SKU-1','Trail Helmet','Cycling',5900),
('10000000-0000-0000-0000-000000000002','SKU-2','USB Bike Light','Cycling',2900),
('10000000-0000-0000-0000-000000000003','SKU-3','Cold Brew Beans','Grocery',1600);

INSERT INTO ops.orders (order_id,user_id,order_ts,status,subtotal_cents,tax_cents,shipping_cents,discount_cents) VALUES
('20000000-0000-0000-0000-000000000001','00000000-0000-0000-0000-000000000001','2024-12-01 09:10:00','PAID',11400,900,0,0),
('20000000-0000-0000-0000-000000000002','00000000-0000-0000-0000-000000000002','2024-12-02 14:25:00','PAID',1600,130,0,0);

INSERT INTO ops.order_items (order_id,product_id,quantity,unit_price_cents) VALUES
('20000000-0000-0000-0000-000000000001','10000000-0000-0000-0000-000000000001',1,5900),
('20000000-0000-0000-0000-000000000001','10000000-0000-0000-0000-000000000002',1,2900),
('20000000-0000-0000-0000-000000000001','10000000-0000-0000-0000-000000000003',1,1600),
('20000000-0000-0000-0000-000000000002','10000000-0000-0000-0000-000000000003',1,1600);
